{
  "timestamp": "20260321_222959",
  "total_layers": 96,
  "category_stats": {
    "animal": {
      "mean": 5.355688870167796e-05,
      "std": 3.8206838494103414e-05,
      "min": 7.755081242066808e-06,
      "max": 0.00021046327310614288
    },
    "emotion": {
      "mean": 5.091495316378314e-05,
      "std": 3.1998691202963424e-05,
      "min": 6.068266884540208e-06,
      "max": 0.0001446732203476131
    },
    "number": {
      "mean": 5.227032454039696e-05,
      "std": 2.6689899763095134e-05,
      "min": 5.193628112465376e-06,
      "max": 0.00014965454465709627
    },
    "code": {
      "mean": 3.0279834945190487e-05,
      "std": 2.0435797111713556e-05,
      "min": 6.208804279594915e-06,
      "max": 0.0001046903635142371
    }
  },
  "similarity_stats": {
    "mean": -2.8184735984133003e-05,
    "std": 0.00516042212837128,
    "min": -0.06600308418273926,
    "max": 0.051522254943847656
  },
  "files_generated": [
    "delta_w_20260321_222959.json",
    "probe_results_20260321_222959.json",
    "svd_20260321_222959.png",
    "semantic_heatmap_20260321_222959.png",
    "category_stats_20260321_222959.png",
    "similarity_matrix_20260321_222959.png"
  ]
}